{"Labels": {"_type": "images/separated", "width": 2000, "height": 2000, "format": "jpg", "count": 2, "captions": ["labels_correlogram.jpg", "labels.jpg"]}, "Mosaics": {"_type": "images/separated", "width": 1280, "height": 1280, "format": "jpg", "count": 3, "captions": ["train_batch0.jpg", "train_batch1.jpg", "train_batch2.jpg"]}, "train/box_loss": 0.015013318508863449, "train/obj_loss": 0.0033315587788820267, "train/cls_loss": 0.00039956768159754574, "metrics/precision": 0.8179448844798501, "metrics/recall": 0.9807758439468579, "metrics/mAP_0.5": 0.9441698403797963, "metrics/mAP_0.5:0.95": 0.8197936469119242, "val/box_loss": 0.01057747658342123, "val/obj_loss": 0.004093993920832872, "val/cls_loss": 0.00033994007389992476, "x/lr0": 0.009819458178986572, "x/lr1": 0.009819458178986572, "x/lr2": 0.009819458178986572, "_runtime": 8081, "_timestamp": 1627224357, "_step": 97}