{"Labels": {"_type": "images/separated", "width": 2000, "height": 2000, "format": "jpg", "count": 2, "captions": ["labels_correlogram.jpg", "labels.jpg"]}, "Mosaics": {"_type": "images/separated", "width": 1280, "height": 1280, "format": "jpg", "count": 3, "captions": ["train_batch0.jpg", "train_batch1.jpg", "train_batch2.jpg"]}, "train/box_loss": 0.07376645505428314, "train/obj_loss": 0.01422763429582119, "train/cls_loss": 0.024946456775069237, "metrics/precision": 0.053047369390694085, "metrics/recall": 0.3662086288416076, "metrics/mAP_0.5": 0.04533028372120569, "metrics/mAP_0.5:0.95": 0.014502568461819562, "val/box_loss": 0.07134229689836502, "val/obj_loss": 0.015195280313491821, "val/cls_loss": 0.02495289035141468, "x/lr0": 0.0033499933873704906, "x/lr1": 0.0033499933873704906, "x/lr2": 0.0698499933873705, "_runtime": 1464, "_timestamp": 1627214074, "_step": 1}